Workbook

Sheet DRAFT
A1: Failure Number | B1: Failure Time (seconds) | D1: Time Intervals (split by each minute) | G1: # of failures
A2: 1 | B2: 28 | D2: 0 | E2: =D2+60 -> 60 | F2: s | G2: 2
A3: 2 | B3: 59 | D3: =E2 -> 60 | E3: =D3+60 -> 120 | F3: s | G3: 0
A4: 3 | B4: 133 | D4: =E3 -> 120 | E4: =D4+60 -> 180 | F4: s | G4: 2
A5: 4 | B5: 158 | D5: =E4 -> 180 | E5: =D5+60 -> 240 | F5: s | G5: 1
A6: 5 | B6: 185 | D6: =E5 -> 240 | E6: =D6+60 -> 300 | F6: s | G6: 2
A7: 6 | B7: 246 | D7: =E6 -> 300 | E7: =D7+60 -> 360 | F7: s | G7: 1
A8: 7 | B8: 295 | D8: =E7 -> 360 | E8: =D8+60 -> 420 | F8: s | G8: 2
A9: 8 | B9: 301 | D9: =E8 -> 420 | E9: =D9+60 -> 480 | F9: s | G9: 2
A10: 9 | B10: 377 | D10: =E9 -> 480 | E10: =D10+60 -> 540 | F10: s | G10: 1
A11: 10 | B11: 407 | D11: =E10 -> 540 | E11: =D11+60 -> 600 | F11: s | G11: 2
A12: 11 | B12: 430 | D12: =E11 -> 600 | E12: =D12+60 -> 660 | F12: s | G12: 3
A13: 12 | B13: 457 | D13: =E12 -> 660 | E13: =D13+60 -> 720 | F13: s | G13: 1
A14: 13 | B14: 525 | D14: =E13 -> 720 | E14: =D14+60 -> 780 | F14: s | G14: 2
... A17: 16 | B17: 614 | D17: =E16 -> 900 | E17: =D17+60 -> 960 | F17: s | G17: 1
A18: 17 | B18: 644 | D18: =E17 -> 960 | E18: =D18+60 -> 1020 | F18: s
A19: 18 | B19: 653 | D19: =E18 -> 1020 | E19: =D19+60 -> 1080 | F19: s
A20: 19 | B20: 670 | D20: =E19 -> 1080 | E20: =D20+60 -> 1140 | F20: s
A21: 20 | B21: 725
A22: 21 | B22: 759
A23: 22 | B23: 816
A24: 23 | B24: 853
A25: 24 | B25: 903

Sheet FORMATTED DATA
A1: T | B1: FC | C1: E | D1: F | E1: C
A2: 1 | B2: =DRAFT!G2 -> 2 | C2: 1 | D2: 1 | E2: 1 | G2: *All effort variables (E, F, C) are assumptions because no data was provided
A3: 2 | B3: =DRAFT!G3 -> 0 | C3: 1 | D3: 1 | E3: 1
A4: 3 | B4: =DRAFT!G4 -> 2 | C4: 1 | D4: 1 | E4: 1
A5: 4 | B5: =DRAFT!G5 -> 1 | C5: 1 | D5: 1 | E5: 1
A6: 5 | B6: =DRAFT!G6 -> 2 | C6: 1 | D6: 1 | E6: 1
A7: 6 | B7: =DRAFT!G7 -> 1 | C7: 1 | D7: 1 | E7: 1
A8: 7 | B8: =DRAFT!G8 -> 2 | C8: 1 | D8: 1 | E8: 1
A9: 8 | B9: =DRAFT!G9 -> 2 | C9: 1 | D9: 1 | E9: 1
A10: 9 | B10: =DRAFT!G10 -> 1 | C10: 1 | D10: 1 | E10: 1
A11: 10 | B11: =DRAFT!G11 -> 2 | C11: 1 | D11: 1 | E11: 1
A12: 11 | B12: =DRAFT!G12 -> 3 | C12: 1 | D12: 1 | E12: 1
A13: 12 | B13: =DRAFT!G13 -> 1 | C13: 1 | D13: 1 | E13: 1
A14: 13 | B14: =DRAFT!G14 -> 2 | C14: 1 | D14: 1 | E14: 1
... A17: 16 | B17: =DRAFT!G17 -> 1 | C17: 1 | D17: 1 | E17: 1

Sheet RDC
A1: Failure Number | B1: Failure Time (seconds) | C1: Time between failues | H1: Failure number | I1: Failure Time | J1: Plot 1 (Normal) | K1: Plot 2 (double) | L1: Plot 3 (Half) | M1: *All data points converted into minutes to keep graph clean
A2: 1 | B2: 28 | C2: =B2 -> 28 | H2: =A17 -> 16 | I2: =B17 -> 614 | J2: =(I2/$E$28)/60 -> 3684 | K2: =(I2/(2*$E$28))/60 -> 1842 | L2: =(I2/($E$28/2))/60 -> 7368
A3: 2 | B3: 59 | C3: =B3-B2 -> 31 | H3: =A18 -> 17 | I3: =B18 -> 644 | J3: =(I3/$E$28)/60 -> 3864 | K3: =(I3/(2*$E$28))/60 -> 1932 | L3: =(I3/($E$28/2))/60 -> 7728
A4: 3 | B4: 133 | C4: =B4-B3 -> 74 | H4: =A19 -> 18 | I4: =B19 -> 653 | J4: =(I4/$E$28)/60 -> 3918 | K4: =(I4/(2*$E$28))/60 -> 1959 | L4: =(I4/($E$28/2))/60 -> 7836
A5: 4 | B5: 158 | C5: =B5-B4 -> 25 | H5: =A20 -> 19 | I5: =B20 -> 670 | J5: =(I5/$E$28)/60 -> 4020 | K5: =(I5/(2*$E$28))/60 -> 2010 | L5: =(I5/($E$28/2))/60 -> 8040
A6: 5 | B6: 185 | C6: =B6-B5 -> 27 | H6: =A21 -> 20 | I6: =B21 -> 725 | J6: =(I6/$E$28)/60 -> 4350 | K6: =(I6/(2*$E$28))/60 -> 2175 | L6: =(I6/($E$28/2))/60 -> 8700
A7: 6 | B7: 246 | C7: =B7-B6 -> 61 | H7: =A22 -> 21 | I7: =B22 -> 759 | J7: =(I7/$E$28)/60 -> 4554 | K7: =(I7/(2*$E$28))/60 -> 2277 | L7: =(I7/($E$28/2))/60 -> 9108
A8: 7 | B8: 295 | C8: =B8-B7 -> 49 | H8: =A23 -> 22 | I8: =B23 -> 816 | J8: =(I8/$E$28)/60 -> 4896 | K8: =(I8/(2*$E$28))/60 -> 2448 | L8: =(I8/($E$28/2))/60 -> 9792
A9: 8 | B9: 301 | C9: =B9-B8 -> 6 | H9: =A24 -> 23 | I9: =B24 -> 853 | J9: =(I9/$E$28)/60 -> 5118 | K9: =(I9/(2*$E$28))/60 -> 2559 | L9: =(I9/($E$28/2))/60 -> 10236
A10: 9 | B10: 377 | C10: =B10-B9 -> 76 | H10: =A25 -> 24 | I10: =B25 -> 903 | J10: =(I10/$E$28)/60 -> 5418 | K10: =(I10/(2*$E$28))/60 -> 2709 | L10: =(I10/($E$28/2))/60 -> 10836
A11: 10 | B11: 407 | C11: =B11-B10 -> 30
A12: 11 | B12: 430 | C12: =B12-B11 -> 23
A13: 12 | B13: 457 | C13: =B13-B12 -> 27
A14: 13 | B14: 525 | C14: =B14-B13 -> 68
A15: 14 | B15: 551 | C15: =B15-B14 -> 26
A16: 15 | B16: 564 | C16: =B16-B15 -> 13 | E16: MTTF | F16: Failure intensity
A17: 16 | B17: 614 | C17: =B17-B16 -> 50 | E17: =SUM(C17:C25)/9 -> 37.666667 | F17: =1/C17 -> 0.02
A18: 17 | B18: 644 | C18: =B18-B17 -> 30 | F18: =1/C18 -> 0.033333333
A19: 18 | B19: 653 | C19: =B19-B18 -> 9 | F19: =1/C19 -> 0.11111111
A20: 19 | B20: 670 | C20: =B20-B19 -> 17 | F20: =1/C20 -> 0.058823529
A21: 20 | B21: 725 | C21: =B21-B20 -> 55 | F21: =1/C21 -> 0.018181818
A22: 21 | B22: 759 | C22: =B22-B21 -> 34 | F22: =1/C22 -> 0.029411765
A23: 22 | B23: 816 | C23: =B23-B22 -> 57 | F23: =1/C23 -> 0.01754386
A24: 23 | B24: 853 | C24: =B24-B23 -> 37 | F24: =1/C24 -> 0.027027027
A25: 24 | B25: 903 | C25: =B25-B24 -> 50 | F25: =1/C25 -> 0.02
E27: MTTF (min)
E28: =1/360 -> 0.0027777778
