Workbook

Sheet DRAFT
A1: Failure Number | B1: Failure Time (seconds) | D1: Time Intervals (split by each minute) | G1: # of failures
A2: 1 | B2: 28 | D2: 0 | E2: =D2+60 -> 60 | F2: s | G2: 2
A3: 2 | B3: 59 | D3: =E2 -> 60 | E3: =D3+60 -> 120 | F3: s | G3: 0
A4: 3 | B4: 133 | D4: =E3 -> 120 | E4: =D4+60 -> 180 | F4: s | G4: 2
A5: 4 | B5: 158 | D5: =E4 -> 180 | E5: =D5+60 -> 240 | F5: s | G5: 1
A6: 5 | B6: 185 | D6: =E5 -> 240 | E6: =D6+60 -> 300 | F6: s | G6: 2
A7: 6 | B7: 246 | D7: =E6 -> 300 | E7: =D7+60 -> 360 | F7: s | G7: 1
A8: 7 | B8: 295 | D8: =E7 -> 360 | E8: =D8+60 -> 420 | F8: s | G8: 2
A9: 8 | B9: 301 | D9: =E8 -> 420 | E9: =D9+60 -> 480 | F9: s | G9: 2
A10: 9 | B10: 377 | D10: =E9 -> 480 | E10: =D10+60 -> 540 | F10: s | G10: 1
A11: 10 | B11: 407 | D11: =E10 -> 540 | E11: =D11+60 -> 600 | F11: s | G11: 2
A12: 11 | B12: 430 | D12: =E11 -> 600 | E12: =D12+60 -> 660 | F12: s | G12: 3
A13: 12 | B13: 457 | D13: =E12 -> 660 | E13: =D13+60 -> 720 | F13: s | G13: 1
A14: 13 | B14: 525 | D14: =E13 -> 720 | E14: =D14+60 -> 780 | F14: s | G14: 2
... A17: 16 | B17: 614 | D17: =E16 -> 900 | E17: =D17+60 -> 960 | F17: s | G17: 1
A18: 17 | B18: 644 | D18: =E17 -> 960 | E18: =D18+60 -> 1020 | F18: s
A19: 18 | B19: 653 | D19: =E18 -> 1020 | E19: =D19+60 -> 1080 | F19: s
A20: 19 | B20: 670 | D20: =E19 -> 1080 | E20: =D20+60 -> 1140 | F20: s
A21: 20 | B21: 725
A22: 21 | B22: 759
A23: 22 | B23: 816
A24: 23 | B24: 853
A25: 24 | B25: 903

Sheet FORMATTED DATA
A1: T | B1: FC | C1: E | D1: F | E1: C
A2: 1 | B2: =DRAFT!G2 -> 2 | C2: 1 | D2: 1 | E2: 1 | G2: *All effort variables (E, F, C) are assumptions because no data was provided
A3: 2 | B3: =DRAFT!G3 -> 0 | C3: 1 | D3: 1 | E3: 1
A4: 3 | B4: =DRAFT!G4 -> 2 | C4: 1 | D4: 1 | E4: 1
A5: 4 | B5: =DRAFT!G5 -> 1 | C5: 1 | D5: 1 | E5: 1
A6: 5 | B6: =DRAFT!G6 -> 2 | C6: 1 | D6: 1 | E6: 1
A7: 6 | B7: =DRAFT!G7 -> 1 | C7: 1 | D7: 1 | E7: 1
A8: 7 | B8: =DRAFT!G8 -> 2 | C8: 1 | D8: 1 | E8: 1
A9: 8 | B9: =DRAFT!G9 -> 2 | C9: 1 | D9: 1 | E9: 1
A10: 9 | B10: =DRAFT!G10 -> 1 | C10: 1 | D10: 1 | E10: 1
A11: 10 | B11: =DRAFT!G11 -> 2 | C11: 1 | D11: 1 | E11: 1
A12: 11 | B12: =DRAFT!G12 -> 3 | C12: 1 | D12: 1 | E12: 1
A13: 12 | B13: =DRAFT!G13 -> 1 | C13: 1 | D13: 1 | E13: 1
A14: 13 | B14: =DRAFT!G14 -> 2 | C14: 1 | D14: 1 | E14: 1
... A17: 16 | B17: =DRAFT!G17 -> 1 | C17: 1 | D17: 1 | E17: 1
